<?xml version="1.0" encoding="UTF-8"?>
<project-private xmlns="http://www.netbeans.org/ns/project-private/1">
    <editor-bookmarks xmlns="http://www.netbeans.org/ns/editor-bookmarks/2" lastBookmarkId="0"/>
    <open-files xmlns="http://www.netbeans.org/ns/projectui-open-files/2">
        <group>
            <file>file:/Users/muhammadzulfadly/Downloads/Final%20Project%20Apps%20-%20update/TUBES%20FINAL%20PBO/TubesPBO_/src/DAO/AgencyDAO.java</file>
            <file>file:/Users/muhammadzulfadly/Downloads/Final%20Project%20Apps%20-%20update/TUBES%20FINAL%20PBO/TubesPBO_/src/tubespbo_/TubesPBO_.java</file>
            <file>file:/Users/muhammadzulfadly/Downloads/Final%20Project%20Apps%20-%20update/TUBES%20FINAL%20PBO/TubesPBO_/src/Controller/iController.java</file>
            <file>file:/Users/muhammadzulfadly/Downloads/Final%20Project%20Apps%20-%20update/TUBES%20FINAL%20PBO/TubesPBO_/src/Controller/Controller.java</file>
            <file>file:/Users/muhammadzulfadly/Downloads/Final%20Project%20Apps%20-%20update/TUBES%20FINAL%20PBO/TubesPBO_/src/GUI/PenyewaLogin.java</file>
            <file>file:/Users/muhammadzulfadly/Downloads/Final%20Project%20Apps%20-%20update/TUBES%20FINAL%20PBO/TubesPBO_/src/DataModel/Pegawai.java</file>
            <file>file:/Users/muhammadzulfadly/Downloads/Final%20Project%20Apps%20-%20update/TUBES%20FINAL%20PBO/TubesPBO_/src/GUI/PegawaiLogin.java</file>
        </group>
    </open-files>
</project-private>
